{"cameraMode":{"drawMode":0,"name":"Shaded","section":"Shading Mode"},"sceneLighting":false,"audioPlay":false,"sceneViewState":{"showFog":true,"showMaterialUpdate":false,"showSkybox":false,"showFlares":true,"showImageEffects":true,"showParticleSystems":true},"in2DMode":false,"pivot":{"x":149.46836853027345,"y":-61.308013916015628,"z":-42.96495819091797},"rotation":{"x":0.1658231019973755,"y":0.5543701648712158,"z":-0.11439665406942368,"w":0.8077238202095032},"size":1.896815538406372,"orthographic":false}