{"cameraMode":{"drawMode":0,"name":"Shaded","section":"Shading Mode"},"sceneLighting":false,"audioPlay":false,"sceneViewState":{"showFog":true,"showMaterialUpdate":false,"showSkybox":false,"showFlares":true,"showImageEffects":true,"showParticleSystems":true},"in2DMode":false,"pivot":{"x":-1.2204481363296509,"y":0.6185075044631958,"z":0.02139194868505001},"rotation":{"x":-0.1443866342306137,"y":0.6672276258468628,"z":-0.13405568897724152,"w":-0.7184195518493652},"size":5.759828090667725,"orthographic":false}