{"cameraMode":{"drawMode":0,"name":"Shaded","section":"Shading Mode"},"sceneLighting":false,"audioPlay":false,"sceneViewState":{"showFog":true,"showMaterialUpdate":false,"showSkybox":false,"showFlares":true,"showImageEffects":true,"showParticleSystems":true},"in2DMode":false,"pivot":{"x":476.19097900390627,"y":-260.779052734375,"z":-110.43058776855469},"rotation":{"x":0.14995010197162629,"y":0.7646020650863648,"z":-0.19228540360927583,"w":0.5967117547988892},"size":22.0,"orthographic":false}