{"cameraMode":{"drawMode":0,"name":"Shaded","section":"Shading Mode"},"sceneLighting":false,"audioPlay":false,"sceneViewState":{"showFog":true,"showMaterialUpdate":false,"showSkybox":false,"showFlares":true,"showImageEffects":true,"showParticleSystems":true},"in2DMode":false,"pivot":{"x":14.367091178894043,"y":1.047258973121643,"z":-12.37668228149414},"rotation":{"x":0.04379240423440933,"y":-0.018538635224103929,"z":0.0006687951390631497,"w":0.9989610314369202},"size":14.879101753234864,"orthographic":false}