{"cameraMode":{"drawMode":0,"name":"Shaded","section":"Shading Mode"},"sceneLighting":false,"audioPlay":false,"sceneViewState":{"showFog":true,"showMaterialUpdate":true,"showSkybox":true,"showFlares":true,"showImageEffects":true,"showParticleSystems":true},"in2DMode":false,"pivot":{"x":0.15615631639957429,"y":0.4883180558681488,"z":-1.6012797355651856},"rotation":{"x":0.13762231171131135,"y":0.057937998324632648,"z":-0.008607628755271435,"w":0.9889124035835266},"size":4.142260551452637,"orthographic":false}