{"cameraMode":{"drawMode":0,"name":"Shaded","section":"Shading Mode"},"sceneLighting":false,"audioPlay":false,"sceneViewState":{"showFog":true,"showMaterialUpdate":false,"showSkybox":false,"showFlares":true,"showImageEffects":true,"showParticleSystems":true},"in2DMode":false,"pivot":{"x":-32.13310623168945,"y":-15.139463424682618,"z":-23.49376678466797},"rotation":{"x":-0.08105014264583588,"y":0.8813846707344055,"z":-0.16166521608829499,"w":-0.4368456304073334},"size":50.86491012573242,"orthographic":false}