{"cameraMode":{"drawMode":0,"name":"Shaded","section":"Shading Mode"},"sceneLighting":false,"audioPlay":false,"sceneViewState":{"showFog":true,"showMaterialUpdate":false,"showSkybox":true,"showFlares":true,"showImageEffects":true,"showParticleSystems":true},"in2DMode":false,"pivot":{"x":1313.87451171875,"y":740.6124267578125,"z":-568.264404296875},"rotation":{"x":-0.12983861565589906,"y":0.16420164704322816,"z":-0.0008040258544497192,"w":-0.9796292781829834},"size":1039.277099609375,"orthographic":false}