{"cameraMode":{"drawMode":0,"name":"Shaded","section":"Shading Mode"},"sceneLighting":false,"audioPlay":false,"sceneViewState":{"showFog":true,"showMaterialUpdate":false,"showSkybox":false,"showFlares":true,"showImageEffects":true,"showParticleSystems":true},"in2DMode":false,"pivot":{"x":6.350654602050781,"y":2.1153512001037599,"z":0.2897215485572815},"rotation":{"x":0.07424149662256241,"y":-0.7421123385429382,"z":0.08264925330877304,"w":0.6612452864646912},"size":18.220247268676759,"orthographic":false}