{"cameraMode":{"drawMode":0,"name":"Shaded","section":"Shading Mode"},"sceneLighting":false,"audioPlay":false,"sceneViewState":{"showFog":true,"showMaterialUpdate":false,"showSkybox":false,"showFlares":true,"showImageEffects":true,"showParticleSystems":true},"in2DMode":false,"pivot":{"x":0.476669579744339,"y":-0.14311948418617249,"z":1.0274407863616944},"rotation":{"x":-0.03225579112768173,"y":0.9324259161949158,"z":-0.0858241394162178,"w":-0.34971895813941958},"size":8.222536087036133,"orthographic":false}