{"cameraMode":{"drawMode":0,"name":"Shaded","section":"Shading Mode"},"sceneLighting":false,"audioPlay":false,"sceneViewState":{"showFog":true,"showMaterialUpdate":false,"showSkybox":false,"showFlares":true,"showImageEffects":true,"showParticleSystems":true},"in2DMode":false,"pivot":{"x":1.168868064880371,"y":-0.5592226982116699,"z":1.3544522523880005},"rotation":{"x":0.07835529744625092,"y":-0.8854067921638489,"z":0.1613261103630066,"w":0.4290299117565155},"size":4.041658401489258,"orthographic":false}