{"cameraMode":{"drawMode":0,"name":"Shaded","section":"Shading Mode"},"sceneLighting":false,"audioPlay":false,"sceneViewState":{"showFog":true,"showMaterialUpdate":false,"showSkybox":false,"showFlares":true,"showImageEffects":true,"showParticleSystems":true},"in2DMode":false,"pivot":{"x":-1.2787513732910157,"y":27.106462478637697,"z":168.106689453125},"rotation":{"x":-0.022803356871008874,"y":-0.018897341564297677,"z":0.0004317856510169804,"w":-0.999565601348877},"size":30.782960891723634,"orthographic":false}