{"cameraMode":{"drawMode":0,"name":"Shaded","section":"Shading Mode"},"sceneLighting":false,"audioPlay":false,"sceneViewState":{"showFog":true,"showMaterialUpdate":false,"showSkybox":false,"showFlares":true,"showImageEffects":true,"showParticleSystems":true},"in2DMode":false,"pivot":{"x":4.0978193283081057e-8,"y":0.2935808002948761,"z":-7.450580596923828e-9},"rotation":{"x":0.10373540967702866,"y":0.7878386378288269,"z":-0.13901780545711518,"w":0.5912273526191711},"size":0.9968243837356567,"orthographic":false}