{"cameraMode":{"drawMode":0,"name":"Shaded","section":"Shading Mode"},"sceneLighting":false,"audioPlay":false,"sceneViewState":{"showFog":true,"showMaterialUpdate":false,"showSkybox":false,"showFlares":true,"showImageEffects":true,"showParticleSystems":true},"in2DMode":false,"pivot":{"x":1.2392330169677735,"y":0.8524076342582703,"z":2.127225399017334},"rotation":{"x":0.06498832255601883,"y":-0.6905881762504578,"z":0.06253496557474137,"w":0.7176423072814941},"size":3.1212284564971926,"orthographic":false}