{"cameraMode":{"drawMode":0,"name":"Shaded","section":"Shading Mode"},"sceneLighting":false,"audioPlay":false,"sceneViewState":{"showFog":true,"showMaterialUpdate":false,"showSkybox":false,"showFlares":true,"showImageEffects":true,"showParticleSystems":true},"in2DMode":false,"pivot":{"x":-6.610344409942627,"y":0.8545915484428406,"z":1.1790623664855958},"rotation":{"x":-0.1359274685382843,"y":0.6903461813926697,"z":-0.13437773287296296,"w":-0.6978733539581299},"size":20.101619720458986,"orthographic":false}