{"cameraMode":{"drawMode":0,"name":"Shaded","section":"Shading Mode"},"sceneLighting":false,"audioPlay":false,"sceneViewState":{"showFog":true,"showMaterialUpdate":false,"showSkybox":false,"showFlares":true,"showImageEffects":true,"showParticleSystems":true},"in2DMode":false,"pivot":{"x":-6.831156253814697,"y":-1.6540017127990723,"z":-4.992358684539795},"rotation":{"x":0.049262892454862598,"y":-0.8953679800033569,"z":0.1012389287352562,"w":0.43122822046279909},"size":14.15493106842041,"orthographic":false}