{"cameraMode":{"drawMode":0,"name":"Shaded","section":"Shading Mode"},"sceneLighting":false,"audioPlay":false,"sceneViewState":{"showFog":true,"showMaterialUpdate":false,"showSkybox":false,"showFlares":true,"showImageEffects":true,"showParticleSystems":true},"in2DMode":false,"pivot":{"x":-1.6104278564453126,"y":2.0480010509490969,"z":-1.3732118606567383},"rotation":{"x":0.17000894248485566,"y":-0.35743820667266848,"z":0.06584091484546662,"w":0.9161419868469238},"size":27.971595764160158,"orthographic":false}