{"cameraMode":{"drawMode":0,"name":"Shaded","section":"Shading Mode"},"sceneLighting":false,"audioPlay":false,"sceneViewState":{"showFog":true,"showMaterialUpdate":false,"showSkybox":false,"showFlares":true,"showImageEffects":true,"showParticleSystems":true},"in2DMode":false,"pivot":{"x":-85.38835906982422,"y":68.48490905761719,"z":-88.52554321289063},"rotation":{"x":-0.24674895405769349,"y":0.03703537955880165,"z":0.01188565418124199,"w":-0.9700930118560791},"size":9.266566276550293,"orthographic":false}