{"cameraMode":{"drawMode":0,"name":"Shaded","section":"Shading Mode"},"sceneLighting":false,"audioPlay":false,"sceneViewState":{"showFog":true,"showMaterialUpdate":false,"showSkybox":false,"showFlares":true,"showImageEffects":true,"showParticleSystems":true},"in2DMode":false,"pivot":{"x":-4.759411334991455,"y":-2.825284242630005,"z":15.533774375915528},"rotation":{"x":0.08349816501140595,"y":-0.13321225345134736,"z":0.01097056083381176,"w":0.9875967502593994},"size":19.741291046142579,"orthographic":false}