{"cameraMode":{"drawMode":0,"name":"Shaded","section":"Shading Mode"},"sceneLighting":false,"audioPlay":false,"sceneViewState":{"showFog":true,"showMaterialUpdate":false,"showSkybox":false,"showFlares":true,"showImageEffects":true,"showParticleSystems":true},"in2DMode":false,"pivot":{"x":1.4662485122680665,"y":-0.004324913024902344,"z":0.06190338730812073},"rotation":{"x":-0.06141500174999237,"y":-0.7459253072738648,"z":0.07008747011423111,"w":-0.6597177982330322},"size":3.7546870708465578,"orthographic":false}