{"cameraMode":{"drawMode":0,"name":"Shaded","section":"Shading Mode"},"sceneLighting":false,"audioPlay":false,"sceneViewState":{"showFog":true,"showMaterialUpdate":false,"showSkybox":false,"showFlares":true,"showImageEffects":true,"showParticleSystems":true},"in2DMode":false,"pivot":{"x":-6.028684616088867,"y":-1.5541824102401734,"z":-2.4682791233062746},"rotation":{"x":-0.0697614774107933,"y":0.8397601842880249,"z":-0.1102379560470581,"w":-0.5273544788360596},"size":9.954132080078125,"orthographic":false}