{"cameraMode":{"drawMode":0,"name":"Shaded","section":"Shading Mode"},"sceneLighting":false,"audioPlay":false,"sceneViewState":{"showFog":true,"showMaterialUpdate":false,"showSkybox":false,"showFlares":true,"showImageEffects":true,"showParticleSystems":true},"in2DMode":false,"pivot":{"x":-0.6079949140548706,"y":0.2504862844944,"z":-3.0236926078796388},"rotation":{"x":0.0025058751925826074,"y":-0.9948480725288391,"z":0.02116532251238823,"w":0.10070610046386719},"size":5.968859672546387,"orthographic":false}