{"cameraMode":{"drawMode":0,"name":"Shaded","section":"Shading Mode"},"sceneLighting":false,"audioPlay":false,"sceneViewState":{"showFog":true,"showMaterialUpdate":false,"showSkybox":false,"showFlares":true,"showImageEffects":true,"showParticleSystems":true},"in2DMode":false,"pivot":{"x":-0.027500033378601075,"y":0.0,"z":0.5104999542236328},"rotation":{"x":0.03803432732820511,"y":-0.9190140962600708,"z":0.0915648490190506,"w":0.3816441595554352},"size":11.577092170715332,"orthographic":false}