{"cameraMode":{"drawMode":0,"name":"Shaded","section":"Shading Mode"},"sceneLighting":false,"audioPlay":false,"sceneViewState":{"showFog":true,"showMaterialUpdate":false,"showSkybox":false,"showFlares":true,"showImageEffects":true,"showParticleSystems":true},"in2DMode":false,"pivot":{"x":0.248460590839386,"y":-0.1452227681875229,"z":1.4414204359054566},"rotation":{"x":0.02326284348964691,"y":-0.9549594521522522,"z":0.07626861333847046,"w":0.2863890826702118},"size":4.943255424499512,"orthographic":false}