{"cameraMode":{"drawMode":0,"name":"Shaded","section":"Shading Mode"},"sceneLighting":false,"audioPlay":false,"sceneViewState":{"showFog":true,"showMaterialUpdate":false,"showSkybox":false,"showFlares":true,"showImageEffects":true,"showParticleSystems":true},"in2DMode":false,"pivot":{"x":2.60770320892334e-8,"y":0.1654655933380127,"z":0.0},"rotation":{"x":0.054127711802721027,"y":-0.8777589201927185,"z":0.1020955741405487,"w":0.4650743901729584},"size":0.6024593114852905,"orthographic":false}